,Symbol,LastSale
0,TXG,899900
1,YI,63800
2,PIH,45199
3,PIHPP,252475
4,TURN,17800
5,FLWS,212500
6,BCOW,95000
7,ONEM,383100
8,FCCY,125800
9,SRCE,343400
10,VNET,260700
11,TWOU,393100
12,QFIN,114500
13,KRKR,33700
14,JOBS,671700
15,ETNB,276000
16,JFK,101500
17,JFKKR,3303
18,JFKKU,106199
19,JFKKW,4300
20,EGHT,163800
21,NMTR,6401
22,JFU,34000
23,AAON,537300
24,ABEO,28500
25,ABMD,2638399
26,AXAS,2282
27,ACIU,70600
28,ACIA,670500
29,ACTG,41300
30,ACHC,255700
31,ACAD,516100
32,ACAM,102800
33,ACAMU,103900
34,ACAMW,11700
35,ACST,5304
36,AXDX,158600
37,XLRN,1013500
38,ACCD,297000
39,ARAY,21700
40,ACRX,11399
41,ACER,32500
42,ACHV,3983
43,ACIW,267800
44,ACRS,15000
45,ACMR,658900
46,ACNB,250100
47,ACOR,7338
48,ATVI,775100
49,ADMS,25600
50,ADMP,5400
51,AHCO,200000
52,ADAP,97899
53,ADPT,474900
54,ADXN,94450
55,ADUS,921400
56,AEY,32500
57,ADIL,13799
58,ADILW,3500
59,ADTX,40199
60,ADMA,28900
61,ADBE,4429500
62,ADTN,105200
63,ADRO,25000
64,ADES,48900
65,AEIS,672400
66,AMD,523400
67,ADXS,5546
68,ADVM,208200
69,DWEQ,207900
70,DWAW,286099
71,DWUS,282100
72,DWMC,209107
73,DWSH,195799
74,ACT,228214
75,AEGN,160900
76,AGLE,90600
77,AEHR,18798
78,AMTX,8134
79,AERI,139700
80,AVAV,777099
81,ARPO,12600
82,AIH,62000
83,AEZS,3784
84,AEMD,19000
85,AFMD,45700
86,AFYA,234000
87,AGBA,102301
88,AGBAR,2081
89,AGBAU,102200
90,AGBAW,2600
91,AGEN,40199
92,AGRX,28300
93,AGYS,179300
94,AGIO,556900
95,AGMH,196000
96,AGNC,127150
97,AGNCM,216700
98,AGNCN,224899
99,AGNCO,215500
100,AGNCP,205400
101,API,564900
102,AGFS,27599
103,AGFSW,210
104,AIKI,8155
105,ALRN,11600
106,AIMT,168200
107,AIRT,117419
108,AIRTP,213122
109,AIRTW,602
110,ATSG,226700
111,AIRG,111100
112,ANTE,8020
113,AKAM,1131200
114,AKTX,22400
115,AKCA,141300
116,AKBA,130800
117,KERN,82100
118,KERNW,8301
119,AKRO,330200
120,AKER,35600
121,AKUS,211500
122,AKTS,83000
123,ALRM,677400
124,ALSK,27000
125,ALAC,107100
126,ALACR,2798
127,ALACU,106862
128,ALACW,2300
129,ALBO,259500
130,ALDX,41700
131,ALEC,238100
132,ALRS,194899
133,ALXN,1123000
134,ALCO,320000
135,ALGN,2799300
136,ALIM,57600
137,ALYA,16299
138,ALJJ,6300
139,ALKS,195900
140,ALLK,669000
141,ABTX,238100
142,ALGT,1092200
143,ALNA,15400
144,ARLP,32700
145,LNT,494200
146,AESE,21500
147,AHPI,114500
148,AMOT,339099
149,ALLO,449600
150,ALLT,104200
151,MDRX,66400
152,ALNY,1498700
153,AOSL,103300
154,GOOG,14647000
155,GOOGL,14699300
156,SMCP,198100
157,ATEC,49600
158,ALPN,101800
159,ALTA,214899
160,ALTR,394000
161,ATHE,16000
162,ALT,104200
163,ASPS,145400
164,AIMC,306400
165,ALTM,112500
166,AMAG,80450
167,AMAL,116199
168,AMRN,69200
169,AMRK,190500
170,AMZN,28903000
171,AMBC,138300
172,AMBA,452100
173,AMCX,231600
174,AMCI,102400
175,AMCIU,105500
176,AMCIW,5473
177,DOX,600200
178,AMED,2041399
179,AMTB,142700
180,AMTBB,106400
181,UHAL,3003000
182,AMRH,15600
183,AMRHW,900
184,ATAX,40000
185,AMOV,128900
186,AAL,125000
187,AFIN,79300
188,AFINP,230600
189,AMNB,231700
190,ANAT,689700
191,APEI,292200
192,AREC,13600
193,AMRB,102700
194,AMSWA,167800
195,AMSC,78200
196,AVCT,35500
197,AVCTW,2368
198,AMWD,718500
199,CRMT,867600
200,ABCB,221400
201,AMSF,599600
202,ASRV,30000
203,ASRVP,278629
204,ATLO,195200
205,AMGN,2582400
206,FOLD,155500
207,AMKR,122700
208,AMPH,219200
209,IBUY,733500
210,AMHC,102500
211,AMHCU,102000
212,AMHCW,10000
213,ASYS,47699
214,AMRS,47800
215,ADI,1212400
216,ANAB,225400
217,AVXL,49500
218,ANCN,15500
219,ANDA,104200
220,ANDAR,5500
221,ANDAU,113384
222,ANDAW,5800
223,ANGI,134300
224,ANGO,103300
225,ANIP,308900
226,ANIK,383700
227,ANIX,31800
228,ANPC,61650
229,ANSS,2979700
230,ATRS,27300
231,ATEX,437299
232,APA,132600
233,APLS,329600
234,APEX,6899
235,APXT,103000
236,APXTU,111500
237,APXTW,19209
238,APHA,43000
239,APOG,227000
240,APEN,16699
241,AINV,95200
242,AMEH,164200
243,APPF,1635600
244,APPN,527400
245,AAPL,3641100
246,APDN,82500
247,AGTC,64300
248,AMAT,610000
249,AMTI,270000
250,AAOI,107899
251,APLT,331500
252,APRE,366000
253,APVO,91800
254,APTX,49900
255,APM,38100
256,APTO,65000
257,APYX,54200
258,AQMS,11200
259,AQB,31000
260,AQST,47100
261,ARAV,116400
262,ABUS,18800
263,ABIO,67400
264,RKDA,38500
265,ARCB,256600
266,ACGL,280900
267,ACGLO,248500
268,ACGLP,242600
269,FUV,68200
270,ARCE,430000
271,ARCT,465600
272,ARQT,320100
273,ARDX,70200
274,ARNA,631000
275,ARCC,144800
276,ARGX,2287200
277,ARDS,63300
278,ARKR,126397
279,DWCR,249288
280,DWAT,103200
281,AROW,284900
282,ARWR,442000
283,ARTL,12700
284,ARTLW,1034
285,ARTNA,366000
286,ARTW,24400
287,ARVN,338800
288,ARYBU,116000
289,ASNA,12500
290,ASND,1510000
291,APWC,10700
292,ASLN,19800
293,ASML,3732200
294,ASPU,87400
295,AZPN,1040900
296,AWH,40500
297,ASMB,231800
298,ASRT,8200
299,ASFI,129414
300,ASTE,455200
301,ATRO,99100
302,ALOT,78800
303,ASTC,28600
304,ASUR,66800
305,AACG,13100
306,ATRA,146800
307,ATNX,137200
308,ATHX,26700
309,ATIF,19150
310,AAME,17000
311,ACBI,111900
312,AUB,213299
313,AUBAP,248250
314,AY,297400
315,ATLC,108699
316,AAWW,444400
317,AFH,5845
318,ATCX,69000
319,ATCXW,4000
320,TEAM,1900800
321,ATNI,595400
322,ATOM,85800
323,ATOS,37200
324,BCEL,227100
325,ATRC,463000
326,ATRI,6480400
327,LIFE,42600
328,AUBN,561500
329,AUDC,309300
330,AEYE,103200
331,AUPH,155600
332,EARS,9568
333,JG,15500
334,ADSK,2401500
335,AUTL,149000
336,ADP,1505400
337,AUTO,12000
338,AVDL,79700
339,AVCO,17800
340,ATXI,104700
341,AVEO,48900
342,AVNW,185900
343,CDMO,72000
344,CDMOP,259000
345,AVID,74100
346,RNA,268700
347,AVGR,3320
348,CAR,259200
349,RCEL,300000
350,AVT,268600
351,AVRO,177700
352,AWRE,30700
353,ACLS,272800
354,AXLA,52900
355,AXGN,114900
356,AAXN,1003400
357,AXNX,378700
358,AXGT,27500
359,AXSM,809700
360,AXTI,45599
361,AYLA,97000
362,AYRO,32700
363,AYTU,13700
364,AZRX,8966
365,BCOM,25299
366,RILY,217000
367,RILYG,232500
368,RILYH,237100
369,RILYI,231000
370,RILYM,212100
371,RILYN,211100
372,RILYO,221000
373,RILYP,216500
374,RILYZ,229500
375,BOSC,29700
376,BIDU,1233000
377,BCPC,941600
378,BLDP,173600
379,BANF,383600
380,BANFP,280541
381,BCTF,115201
382,BAND,1322600
383,BFC,624000
384,BOCH,72500
385,BMRC,328900
386,BMLP,295600
387,BKSC,167900
388,BOTJ,95900
389,OZK,230000
390,BSVN,110399
391,BFIN,82000
392,BWFG,159000
393,BANR,359900
394,BZUN,421599
395,DFVL,854449
396,DFVS,133850
397,DTUL,760250
398,DTUS,220850
399,DTYL,979929
400,FLAT,739400
401,STPP,255050
402,TAPR,713349
403,BBSI,514000
404,GOLD,262700
405,BSET,76700
406,ZTEST,101000
407,BXRX,40000
408,BCML,124100
409,BBQ,32300
410,BCBP,87000
411,BECN,255300
412,BEAM,288700
413,BBGI,23400
414,BBBY,108100
415,BGNE,1958600
416,BELFA,101422
417,BELFB,98900
418,BLPH,129600
419,BLCM,83400
420,BLU,120200
421,BNFT,111300
422,BFYT,218200
423,BNTC,77200
424,BRY,47900
425,BWMX,92500
426,XAIR,70700
427,BYND,1407200
428,BYSI,147700
429,BGCP,26200
430,BCYC,156456
431,BGFV,19000
432,BRPA,108794
433,BRPAR,3900
434,BRPAU,134428
435,BRPAW,3211
436,BILI,481800
437,BASI,52400
438,BCDA,23500
439,BCDAW,8000
440,BIOC,6565
441,BCRX,50199
442,BDSI,44400
443,BFRA,66101
444,BIIB,2651200
445,BHTG,19000
446,BKYI,7705
447,BIOL,3970
448,BLFS,179800
449,BLRX,17300
450,BMRN,1267800
451,BMRA,83800
452,BNGO,4861
453,BNGOW,1100
454,BVXV,245799
455,BNTX,632700
456,BPTH,50700
457,BSGM,74100
458,BSTC,624200
459,TECH,2691800
460,BEAT,455600
461,BTAI,521599
462,BJRI,193000
463,BDTX,410200
464,BLKB,586400
465,BL,880699
466,BKCC,27200
467,TCPC,89800
468,BLNK,52800
469,BLNKW,22650
470,BLMN,101800
471,BCOR,116800
472,BLBD,142400
473,BHAT,13600
474,BLUE,595000
475,BKEP,14100
476,BKEPP,56551
477,BPMC,791500
478,ITEQ,482900
479,BMCH,242800
480,BSBK,88000
481,WIFI,135800
482,BOKF,536000
483,BOKFL,255100
484,BNSO,26791
485,BKNG,16699800
486,BIMI,21100
487,BRQS,12000
488,BOMN,157500
489,BPFH,63500
490,EPAY,500800
491,BOXL,9227
492,BCLI,122000
493,BWAY,60400
494,BBI,10100
495,BDGE,203000
496,BBIO,297600
497,BLIN,16400
498,BWB,93400
499,BRID,169000
500,BCOV,77500
501,BHF,267500
502,BHFAL,253700
503,BHFAO,253000
504,BHFAP,251600
505,BRLIU,100300
506,AVGO,3154700
507,AVGOP,11206000
508,BYFC,31100
509,BWEN,36200
510,BROG,89299
511,BROGW,4100
512,BPY,113900
513,BPYPN,170500
514,BPYPO,191000
515,BPYPP,191400
516,BPYU,114700
517,BPYUP,162600
518,BRKL,94200
519,BRKS,444600
520,BRP,165200
521,DOOO,422299
522,BRKR,415000
523,BMTC,262300
524,BSQR,15700
525,BLDR,200700
526,BNR,271500
527,BFST,142100
528,CFFI,343500
529,CHRW,791800
530,CABA,113100
531,CCMP,1387600
532,CDNS,978199
533,CDZI,101800
534,CZR,123000
535,CSTE,114000
536,CLBS,17500
537,CHY,115100
538,CHI,108300
539,CCD,216000
540,CHW,74300
541,CGO,120100
542,CPZ,152200
543,CSQ,125500
544,CAMP,77300
545,CVGW,621800
546,CALB,144300
547,CALA,51500
548,CALT,222200
549,CALM,445100
550,CLMT,21300
551,CLXT,50400
552,CMBM,76500
553,CATC,554500
554,CAC,339700
555,CAMT,125700
556,CAN,18100
557,CSIQ,200400
558,CGIX,27500
559,CPHC,107500
560,CBNK,103200
561,CCBG,194600
562,CPLP,82100
563,CSWC,134100
564,CSWCL,246800
565,CPTA,24800
566,CPTAG,194000
567,CPTAL,200000
568,CFFN,106500
569,CAPR,45900
570,CSTR,113000
571,CPST,29700
572,CARA,175200
573,CRDF,43099
574,CSII,322200
575,CDLX,675000
576,CATM,231900
577,CDNA,346700
578,CTRE,170100
579,CARG,263000
580,TAST,49800
581,CARE,75700
582,CARV,71300
583,CASA,42900
584,CWST,519000
585,CASY,1497200
586,CASI,24300
587,CASS,381200
588,SAVA,28600
589,CSTL,384700
590,CTRM,3289
591,CATB,67100
592,CBIO,58099
593,CPRX,48099
594,CATS,258900
595,CATY,250600
596,CVCO,1872100
597,CBFV,209800
598,CBAT,8008
599,CBMB,120000
600,CBOE,950900
601,CBTX,194000
602,CDK,417600
603,CDW,1171100
604,CECE,63600
605,CELC,70700
606,CLDX,124300
607,APOP,32700
608,APOPW,992
609,CLRB,14100
610,CLRBZ,949
611,CLLS,186500
612,CBMG,166500
613,CLSN,42600
614,CELH,111400
615,CYAD,102000
616,CETX,15400
617,CETXP,19100
618,CETXW,926
619,CDEV,8762
620,CNTG,245000
621,CETV,37400
622,CFBK,104900
623,CENT,361400
624,CENTA,337000
625,CVCY,149300
626,CENX,69600
627,CNBKA,731100
628,CNTY,40199
629,CRNT,21700
630,CERC,25700
631,CRNC,416800
632,CERN,699100
633,CERS,67600
634,CEVA,369600
635,CFFA,108500
636,CFFAU,115000
637,CFFAW,14100
638,CSBR,98000
639,CHNG,108500
640,CHNGU,428600
641,CTHR,7022
642,GTLS,477700
643,CHTR,5176900
644,CHKP,1085900
645,CHEK,5694
646,CHEKZ,620
647,CKPT,19900
648,CEMI,41800
649,CCXI,580100
650,CHMG,272000
651,CHFS,4876
652,CHMA,45100
653,CSSE,71800
654,CSSEP,225200
655,PLCE,364600
656,CMRX,31600
657,CAAS,30800
658,CBPO,1041900
659,CCCL,7302
660,CCRC,46200
661,JRJC,68800
662,HGSH,7500
663,CIH,23600
664,CJJD,13899
665,CLEU,46500
666,CHNR,11200
667,CREG,23400
668,SXTC,5315
669,CXDC,11600
670,PLIN,13100
671,CNET,10400
672,IMOS,217667
673,COFS,292200
674,CHPM,99500
675,CHPMU,102500
676,CHPMW,9800
677,CDXC,45300
678,CHSCL,262049
679,CHSCM,240200
680,CHSCN,243700
681,CHSCO,263100
682,CHSCP,280000
683,CHDN,1321399
684,CHUY,144300
685,CDTX,36700
686,CIIC,99000
687,CIICU,102899
688,CIICW,10659
689,CMCT,103300
690,CMCTP,237000
691,CMPR,747099
692,CNNB,91899
693,CINF,648700
694,CIDM,20900
695,CTAS,2706500
696,CRUS,606500
697,CSCO,456300
698,CTRN,198400
699,CTXR,12200
700,CTXRW,3200
701,CZNC,196500
702,CZWI,69600
703,CIZN,248000
704,CTXS,1500600
705,CHCO,623000
706,CIVB,153500
707,CLAR,110600
708,CLNE,21600
709,CLSK,24500
710,CACG,361952
711,YLDE,301091
712,LRGE,414569
713,CLFD,140200
714,CLRO,20600
715,CLPT,36400
716,CLSD,19400
717,CLIR,23600
718,CBLI,22400
719,CLVS,66100
720,CLPS,21600
721,CME,1652700
722,CCNE,169700
723,CNSP,20700
724,CCB,139000
725,COKE,2300100
726,COCP,15300
727,CODA,51100
728,CCNC,18000
729,CDXS,120700
730,CODX,188900
731,CVLY,136000
732,JVA,30400
733,CCOI,813000
734,CGNX,604200
735,CTSH,560800
736,CWBR,15000
737,COHR,1286100
738,CHRS,183000
739,COHU,168700
740,CGRO,99200
741,CGROU,100500
742,CGROW,9900
743,CLCT,351300
744,COLL,174600
745,CIGI,573000
746,CLGN,100350
747,CBAN,117700
748,HHT,8200
749,COLB,267800
750,CLBK,136400
751,COLM,799700
752,CMCO,324300
753,CMCSA,392500
754,CBSH,580900
755,CBSHP,256200
756,CVGI,28700
757,COMM,84100
758,JCS,50400
759,ESXB,51700
760,CFBI,75201
761,CTBI,317500
762,CWBC,82500
763,CVLT,391500
764,CGEN,154000
765,CPSI,224000
766,CTG,40850
767,SCOR,29800
768,CHCI,25700
769,CMTL,160400
770,CNCE,92700
771,BBCP,34400
772,CDOR,41100
773,CNDT,23700
774,CFMS,7800
775,CNFR,25935
776,CNFRL,206200
777,CNMD,730100
778,CNOB,149900
779,CONN,97800
780,CNSL,63900
781,CWCO,152900
782,CNST,289800
783,ROAD,175600
784,CPSS,29300
785,CFRX,69900
786,CPAA,113000
787,CPAAU,118999
788,CPAAW,21900
789,CPRT,838600
790,CRBP,79500
791,CORT,171800
792,CORE,251300
793,CSOD,381100
794,CRTX,458900
795,CLDB,131500
796,CRVL,720000
797,CRVS,26000
798,CSGP,7181100
799,COST,3057400
800,CPAH,49500
801,ICBK,209200
802,COUP,2907900
803,CVET,178800
804,COWN,162100
805,COWNL,252300
806,COWNZ,249400
807,CPSH,20400
808,CRAI,380100
809,CBRL,1059300
810,BREW,156300
811,CREX,22799
812,CREXW,4100
813,CACC,4218100
814,GLDI,99200
815,SLVO,62939
816,USOI,45599
817,CREE,588100
818,CRSA,103900
819,CRSAU,105250
820,CRSAW,13600
821,CCAP,127000
822,CRESY,29900
823,CRNX,169400
824,CRSP,797000
825,CRTO,113699
826,CROX,359000
827,CRON,61700
828,CCRN,59500
829,CFB,94200
830,CRWD,1072700
831,CRWS,49600
832,CYRX,330200
833,CYRXW,287000
834,CSGS,411700
835,CCLP,7249
836,CSPI,80700
837,CSWI,698000
838,CSX,688600
839,CTIC,11800
840,CUE,228900
841,CPIX,32400
842,CMLS,40800
843,CRIS,11800
844,CUTR,121400
845,CVBF,179600
846,CVV,29250
847,CYAN,23700
848,CYBR,1029700
849,CYBE,361100
850,CYCC,45300
851,CYCCP,59400
852,CYCN,58700
853,CBAY,35000
854,CYRN,12250
855,CONE,755900
856,CYTK,248299
857,CTMX,84100
858,CTSO,99600
859,DADA,263800
860,DJCO,2673950
861,DAKT,43500
862,DARE,9903
863,DRIO,63000
864,DRIOW,896
865,DZSI,92200
866,DSKE,37300
867,DSKEW,480
868,DAIO,34700
869,DDOG,895900
870,DTSS,20601
871,PLAY,127400
872,DTEA,9002
873,DFNL,184106
874,DINT,185950
875,DUSA,235460
876,DWLD,239899
877,DWSN,14500
878,DBVT,44700
879,DCPH,567100
880,TACO,61000
881,DCTH,98699
882,DBCP,66000
883,DMPI,6280
884,DNLI,254500
885,DENN,92200
886,XRAY,441800
887,DMTK,138700
888,DXLG,5779
889,DSWL,24700
890,DXCM,4073500
891,DFPH,108215
892,DFPHU,108000
893,DFPHW,14000
894,DMAC,71500
895,DHIL,1132200
896,FANG,415600
897,DPHC,104500
898,DPHCU,118000
899,DPHCW,23400
900,DRNA,256700
901,DFFN,9532
902,DGII,111900
903,DMRC,156800
904,DRAD,28400
905,DRADP,72800
906,DGLY,33000
907,APPS,129100
908,DCOM,130300
909,DCOMP,205900
910,DIOD,491800
911,DRTT,12600
912,DISCA,207900
913,DISCB,365200
914,DISCK,189300
915,DISH,330600
916,DHC,43099
917,DHCNI,182500
918,DHCNL,191700
919,DLHC,74500
920,BOOM,275400
921,DOCU,1909900
922,DOGZ,14088
923,DLTR,936100
924,DLPN,9500
925,DLPNW,700
926,DOMO,356100
927,DGICA,141000
928,DGICB,113000
929,DMLP,119600
930,DORM,666700
931,DOYU,119100
932,DKNG,330600
933,LYL,11700
934,DBX,216500
935,DSPG,156400
936,DLTH,75200
937,DNKN,655000
938,DUOT,47250
939,DRRX,22400
940,DXPE,191300
941,DYAI,91100
942,DYNT,9099
943,DVAX,86700
944,ETFC,492800
945,SSP,82800
946,EBMT,174100
947,EGBN,304900
948,EGLE,21300
949,EGRX,484600
950,ESSC,99000
951,ESSCR,2400
952,ESSCU,101500
953,ESSCW,2300
954,EWBC,347900
955,EML,182000
956,EAST,12500
957,EVGBC,998800
958,EVSTC,999800
959,EVLMC,1000400
960,EBON,43700
961,EBAY,543600
962,EBAYL,259500
963,EBIX,216000
964,ECHO,217500
965,SATS,264600
966,MOHO,26300
967,EDAP,25599
968,EDSA,49800
969,EDNT,27100
970,EDIT,305300
971,EDUC,94000
972,EGAN,114500
973,EH,103900
974,EHTH,1036700
975,EIDX,492700
976,EIGR,95100
977,EKSO,73500
978,LOCO,149100
979,ESLT,1380000
980,ERI,412000
981,SOLO,31300
982,SOLOW,16401
983,ECOR,8100
984,EA,1338400
985,ELSE,35610
986,ESBK,111799
987,ELOX,31300
988,ELTK,52500
989,EMCF,236500
990,EMKR,30299
991,ENTA,499400
992,ECPG,338200
993,WIRE,475900
994,ENDP,34900
995,ELGX,7700
996,NDRA,8990
997,NDRAW,1600
998,EIGI,40500
999,WATT,28400
1000,EFOI,61400
1001,ERII,68500
1002,ENG,11000
1003,ENLV,52900
1004,ENOB,40500
1005,ENPH,488600
1006,ESGR,1529000
1007,ESGRO,249700
1008,ESGRP,248600
1009,ETTX,29200
1010,ENTG,596300
1011,ENTX,17600
1012,ENTXW,4000
1013,EBTC,225100
1014,EFSC,295800
1015,EVSI,86500
1016,EVSIW,35500
1017,EPZM,158200
1018,PLUS,691200
1019,EPSN,30500
1020,EQ,27799
1021,EQIX,7184100
1022,EQBK,159000
1023,ERIC,93100
1024,ERIE,1902300
1025,ERYP,80001
1026,ESCA,137600
1027,ESPR,509600
1028,GMBL,64300
1029,GMBLW,32000
1030,ESQ,163000
1031,ESSA,132600
1032,EPIX,61000
1033,ESTA,185000
1034,VBND,510744
1035,VUSE,271188
1036,VIDI,206500
1037,ETON,55199
1038,ETSY,1106800
1039,CLWT,30200
1040,EDRY,36400
1041,EEFT,992500
1042,ESEA,25400
1043,EVLO,50300
1044,EVBG,1464900
1045,EVK,9901
1046,EVER,596400
1047,MRAM,68900
1048,EVOP,224000
1049,EVFM,29800
1050,EVGN,9993
1051,EVOK,37200
1052,EOLS,54800
1053,EVOL,10800
1054,EXAS,866600
1055,XGN,127500
1056,ROBO,435800
1057,XELA,3933
1058,EXEL,234800
1059,EXC,374799
1060,EXFO,29850
1061,XCUR,24800
1062,EXLS,624900
1063,EXPI,167399
1064,EXPE,848900
1065,EXPD,771500
1066,EXPC,99600
1067,EXPCU,105000
1068,EXPCW,9820
1069,EXPO,822900
1070,STAY,115399
1071,EXTR,41200
1072,EYEG,47500
1073,EYEGW,400
1074,EYEN,28500
1075,EYPT,7275
1076,EZPW,59200
1077,FFIV,1385200
1078,FB,2334200
1079,FLMN,31800
1080,FLMNW,1200
1081,DUO,94600
1082,FANH,208100
1083,FARM,70700
1084,FMAO,205200
1085,FMNB,114600
1086,FAMI,6800
1087,FARO,528400
1088,FAST,440400
1089,FAT,33400
1090,FATE,362100
1091,FBSS,151402
1092,FNHC,105600
1093,FENC,82200
1094,GSM,4716
1095,FFBW,87570
1096,FGEN,435000
1097,FDBC,476500
1098,ONEQ,3966000
1099,FDUS,88000
1100,FDUSG,226900
1101,FDUSL,239500
1102,FDUSZ,238299
1103,FRGI,61500
1104,FITB,185700
1105,FITBI,265700
1106,FITBO,248500
1107,FITBP,259800
1108,FISI,172200
1109,FNJN,15400
1110,FSRV,101700
1111,FSRVU,104001
1112,FSRVW,11200
1113,FTAC,110399
1114,FTACU,122500
1115,FTACW,22000
1116,FEYE,121100
1117,FBNC,229500
1118,FNLC,216700
1119,FRBA,66400
1120,BUSE,177300
1121,FBIZ,161200
1122,FCAP,702000
1123,FCBP,160300
1124,FCNCA,3912500
1125,FCNCP,250000
1126,FCBC,215000
1127,FCCO,149400
1128,FFBC,131100
1129,FFIN,282900
1130,THFF,344300
1131,FFNW,96400
1132,FFWM,158600
1133,FGBI,129200
1134,FHB,165700
1135,INBK,159200
1136,INBKL,233500
1137,INBKZ,220000
1138,FIBK,299400
1139,FRME,260100
1140,FMBH,249300
1141,FMBI,127700
1142,FMBIP,246950
1143,FXNC,145800
1144,FNWB,124500
1145,FSFG,426800
1146,FSEA,62289
1147,FSLR,498800
1148,FAAR,262950
1149,FPA,248700
1150,BICK,270753
1151,FBZ,110200
1152,FTHI,194012
1153,FCAL,521900
1154,FCAN,203600
1155,FTCS,592300
1156,FCEF,190625
1157,FCA,253283
1158,SKYY,756700
1159,RNDM,455019
1160,FDT,475105
1161,FDTS,331100
1162,FVC,249600
1163,FV,326400
1164,IFV,174700
1165,DDIV,201439
1166,DVOL,207000
1167,DVLU,141000
1168,DWPP,252900
1169,DALI,173900
1170,FDNI,354403
1171,FEM,218200
1172,RNEM,432224
1173,FEMB,350300
1174,FEMS,337800
1175,FTSM,600300
1176,FEP,309200
1177,FEUZ,345000
1178,FGM,414707
1179,FTGC,156900
1180,FTLB,199054
1181,HYLS,461700
1182,FHK,315100
1183,NFTY,290572
1184,FTAG,195500
1185,FTRI,96876
1186,LEGR,296668
1187,NXTG,551800
1188,FPXI,523240
1189,FPXE,240293
1190,FJP,456975
1191,FEX,598100
1192,FTC,779175
1193,RNLC,225921
1194,FTA,450300
1195,FLN,150100
1196,LMBS,517700
1197,LDSF,203600
1198,FMB,550700
1199,FMK,353200
1200,FNX,622400
1201,FNY,483400
1202,RNMC,191723
1203,FNK,270677
1204,FAD,788967
1205,FAB,453339
1206,MDIV,136900
1207,MCEF,186600
1208,FMHI,509816
1209,QABA,337000
1210,ROBT,362500
1211,FTXO,171267
1212,QCLN,307700
1213,GRID,552906
1214,CIBR,336200
1215,FTXG,193600
1216,CARZ,316200
1217,FTXN,108699
1218,FTXH,229692
1219,FTXD,237001
1220,FTXL,438991
1221,TDIV,418000
1222,FTXR,195131
1223,QQEW,808700
1224,QQXT,638454
1225,QTEC,1098800
1226,AIRR,238600
1227,RDVY,306900
1228,RFAP,475595
1229,RFDI,540378
1230,RFEM,578900
1231,RFEU,546750
1232,FID,142481
1233,FTSL,453900
1234,FYX,537300
1235,FYC,426253
1236,RNSC,177369
1237,FYT,295825
1238,SDVY,172776
1239,FKO,177800
1240,FCVT,364275
1241,FDIV,450600
1242,FSZ,492900
1243,FIXD,549300
1244,TUSA,312855
1245,FKU,297850
1246,RNDV,204412
1247,FUNC,136100
1248,FUSB,68100
1249,MYFW,141500
1250,FCFS,675100
1251,SVVC,41000
1252,FSV,996500
1253,FISV,982500
1254,FIVE,1035000
1255,FPRX,61200
1256,FVE,39300
1257,FIVN,1135800
1258,FLEX,99500
1259,FLXN,132600
1260,SKOR,545600
1261,MBSD,241500
1262,ASET,261468
1263,ESG,757099
1264,ESGG,1036411
1265,LKOR,625600
1266,QLC,347800
1267,FPAY,18800
1268,FLXS,128699
1269,FLIR,421599
1270,FLNT,18800
1271,FLDM,44800
1272,FFIC,107800
1273,FNCB,54200
1274,FOCS,338600
1275,FONR,209000
1276,FSCT,215700
1277,FRSX,15800
1278,FMTX,483500
1279,FORM,316300
1280,FORTY,823800
1281,FORR,319100
1282,FBRX,150600
1283,FRTA,122400
1284,FTNT,1384400
1285,FBIO,26900
1286,FBIOP,178900
1287,FMCI,170500
1288,FMCIU,206100
1289,FMCIW,44426
1290,FWRD,490000
1291,FORD,13200
1292,FWP,61600
1293,FOSL,44300
1294,FOX,265500
1295,FOXA,265600
1296,FOXF,818500
1297,FRAN,49500
1298,FRG,207600
1299,FELE,508300
1300,FRAF,255000
1301,FRHC,190200
1302,RAIL,12500
1303,FEIM,106500
1304,FREQ,226500
1305,FRPT,885699
1306,FTDR,428900
1307,FRPH,402500
1308,FSBW,371000
1309,HUGE,37600
1310,FTEK,8611
1311,FCEL,25200
1312,FULC,178500
1313,FLGT,162100
1314,FORK,20800
1315,FLL,15700
1316,FULT,99900
1317,FNKO,58900
1318,FUSN,160000
1319,FUTU,266600
1320,FTFT,12500
1321,FFHL,57699
1322,FVCB,104700
1323,WILC,158600
1324,GTHX,215400
1325,GAIA,89600
1326,GLPG,2003100
1327,GALT,29200
1328,GRTX,72100
1329,GLMD,48300
1330,GMDA,44100
1331,GLPI,347900
1332,GAN,275800
1333,GRMN,975300
1334,GARS,34000
1335,GLIBA,714900
1336,GLIBP,265300
1337,GDS,828000
1338,GNSS,47699
1339,GENC,121000
1340,GFN,68900
1341,GFNCP,979999
1342,GFNSL,251900
1343,GBIO,195600
1344,GENE,24100
1345,GTH,130100
1346,GNFT,54400
1347,GNUS,35500
1348,GMAB,334400
1349,GNMK,149300
1350,GNCA,21900
1351,GNPX,30299
1352,GNTX,259800
1353,THRM,388900
1354,GEOS,67100
1355,GABC,295500
1356,GERN,21700
1357,GEVO,4898
1358,ROCK,467299
1359,GIGM,30299
1360,GIII,129400
1361,GILT,63000
1362,GILD,763500
1363,GBCI,342400
1364,GLAD,70800
1365,GLADD,241601
1366,GLADL,237600
1367,GOOD,185799
1368,GOODM,244500
1369,GOODN,229500
1370,GAIN,100700
1371,GAINL,242000
1372,GAINM,248400
1373,LAND,156400
1374,LANDP,259752
1375,GLBZ,81300
1376,GBT,678300
1377,ENT,44800
1378,GBLI,234600
1379,GBLIL,248600
1380,GBLIZ,249850
1381,SELF,38901
1382,GWRS,109300
1383,AIQ,210545
1384,DRIV,147624
1385,POTX,102700
1386,CLOU,221900
1387,KRMA,222800
1388,BUG,201586
1389,DAX,264850
1390,EBIZ,244305
1391,FINX,341200
1392,CHIC,257161
1393,GNOM,181500
1394,BFIT,202199
1395,SNSR,242450
1396,LNGR,246097
1397,MILN,280600
1398,EFAS,123500
1399,QYLD,212200
1400,BOTZ,240300
1401,CATH,384941
1402,CEFA,250799
1403,SOCL,441599
1404,ALTY,108300
1405,SRET,77800
1406,GXTG,318302
1407,HERO,238299
1408,YLCO,142550
1409,GLBS,2447
1410,GSMG,34200
1411,GSMGW,399
1412,GLUU,96700
1413,GLYC,37600
1414,GOGO,31000
1415,GLNG,68300
1416,GMLP,26700
1417,GMLPP,180057
1418,DNJR,13300
1419,GDEN,91300
1420,GOGL,39200
1421,GBDC,118500
1422,GTIM,12400
1423,GSHD,755699
1424,GPRO,47900
1425,GHIV,102000
1426,GHIVU,105300
1427,GHIVW,18000
1428,GMHI,108600
1429,GMHIU,112500
1430,GMHIW,20000
1431,GOSS,131600
1432,LOPE,908000
1433,GRVY,536400
1434,GECC,42300
1435,GECCL,222900
1436,GECCM,196000
1437,GECCN,189000
1438,GEC,21000
1439,GLDD,88100
1440,GSBC,380300
1441,GRBK,115399
1442,GPP,65199
1443,GPRE,102600
1444,GCBC,230000
1445,GTEC,23100
1446,GNLN,36100
1447,GLRE,62600
1448,GRNQ,16500
1449,GNRS,98699
1450,GNRSU,100700
1451,GNRSW,2500
1452,GSKY,49300
1453,GRNV,99900
1454,GRNVR,3200
1455,GRNVU,103500
1456,GRNVW,3000
1457,GDYN,76300
1458,GDYNW,17900
1459,GSUM,6979
1460,GRIF,538200
1461,GRFS,187000
1462,GRIN,26700
1463,GRTS,65800
1464,GO,419900
1465,GRPN,179800
1466,GRWG,68000
1467,OMAB,378400
1468,GGAL,92200
1469,GVP,9900
1470,GSIT,69400
1471,GTYH,40500
1472,GNTY,244100
1473,GFED,150509
1474,GH,835500
1475,GHSI,4201
1476,GIFI,30900
1477,GURE,53604
1478,GPOR,11700
1479,GWPH,1253500
1480,GWGH,73600
1481,GXGX,100800
1482,GXGXU,107500
1483,GXGXW,10000
1484,GYRO,172000
1485,HEES,180000
1486,HLG,400301
1487,HOFV,92950
1488,HOFVW,19998
1489,HNRG,6322
1490,HALL,30400
1491,HALO,285100
1492,HLNE,677800
1493,HJLI,4185
1494,HJLIW,2450
1495,HWC,194600
1496,HWCPL,248600
1497,HWCPZ,250700
1498,HAFC,92600
1499,HAPP,28100
1500,HONE,81700
1501,HLIT,48600
1502,HARP,165900
1503,HROW,52800
1504,HBIO,36300
1505,HCAP,41100
1506,HCAPZ,236000
1507,HAS,746000
1508,HA,137700
1509,HWKN,434099
1510,HWBK,193100
1511,HYAC,103000
1512,HYACU,109250
1513,HYACW,15999
1514,HAYN,231000
1515,HBT,125100
1516,HDS,339700
1517,HHR,231500
1518,HCAT,300000
1519,HCCO,100000
1520,HCCOU,104550
1521,HCCOW,12150
1522,HCSG,243000
1523,HTIA,195508
1524,HQY,586700
1525,HSTM,219700
1526,HTLD,207500
1527,HTLF,316600
1528,HTLFP,250000
1529,HTBX,8693
1530,HEBT,159800
1531,HSII,210900
1532,HELE,1858500
1533,HLIO,358100
1534,HSDT,4379
1535,HMTV,95800
1536,HNNA,80000
1537,HCAC,107500
1538,HCACU,115000
1539,HCACW,12000
1540,HSIC,590700
1541,HEPA,28400
1542,HTBK,70100
1543,HFWA,190300
1544,HCCI,165500
1545,MLHR,223100
1546,HRTX,155300
1547,HSKA,920500
1548,HX,8011
1549,HFFG,89200
1550,HIBB,229800
1551,SNLN,157150
1552,HIHO,22900
1553,HIMX,41600
1554,HIFS,1632000
1555,HQI,63000
1556,HSTO,35800
1557,HCCH,122200
1558,HCCHR,9449
1559,HCCHU,138715
1560,HCCHW,21000
1561,HMNF,147300
1562,HMSY,329400
1563,HOLI,131400
1564,HOLX,578600
1565,HBCP,262100
1566,HOMB,151400
1567,HFBL,248100
1568,HMST,236700
1569,HTBI,150300
1570,FIXX,153400
1571,HOFT,188400
1572,HOOK,107800
1573,HOPE,86500
1574,HBNC,98900
1575,HRZN,108699
1576,HZNP,552400
1577,TWNK,123300
1578,TWNKW,8900
1579,HOTH,25000
1580,HMHC,17000
1581,HWCC,25299
1582,HOVNP,39800
1583,HBMD,101600
1584,HTGM,6458
1585,HTHT,342400
1586,HUBG,480700
1587,HUSN,6260
1588,HECCU,102150
1589,HSON,88869
1590,HDSN,9796
1591,HUIZ,75400
1592,HBAN,86000
1593,HBANN,254899
1594,HBANO,252200
1595,HURC,275500
1596,HURN,439400
1597,HCM,285300
1598,HBP,11344
1599,HVBC,130597
1600,HYMC,93504
1601,HYMCW,13700
1602,HYRE,29800
1603,IIIV,295900
1604,IAC,1137600
1605,ICAD,98200
1606,IEP,483200
1607,ICCH,111350
1608,ICFI,650800
1609,ICHR,267000
1610,ICLK,53700
1611,ICLR,1669100
1612,ICON,9330
1613,ICUI,1867200
1614,IPWR,58000
1615,IDEX,15300
1616,IDYA,137300
1617,INVE,47200
1618,IDRA,18300
1619,IDXX,3347600
1620,IEC,93500
1621,IESC,220700
1622,IROQ,172500
1623,IFMK,10400
1624,IGMS,723900
1625,IHRT,71400
1626,INFO,758500
1627,IIVI,441000
1628,IKNX,34100
1629,ILMN,3731000
1630,IMAB,293200
1631,IMAC,12200
1632,IMACW,3202
1633,ISNS,34200
1634,IMRA,284600
1635,IMBI,34600
1636,IMTX,150500
1637,IMTXW,55000
1638,IMMR,58900
1639,ICCC,52699
1640,IMUX,123000
1641,IMGN,48800
1642,IMMU,375400
1643,IMVT,236700
1644,IMRN,73400
1645,IMRNW,13550
1646,IMMP,10500
1647,PI,271200
1648,IMV,28700
1649,NARI,482400
1650,INCY,1064700
1651,INDB,641400
1652,IBCP,137800
1653,IBTX,382900
1654,ILPT,207600
1655,INFN,59100
1656,INFI,8908
1657,IFRX,47200
1658,III,21500
1659,IEA,38500
1660,IEAWW,1350
1661,IMKTA,410400
1662,INMD,280700
1663,INMB,50000
1664,IPHA,64500
1665,INWK,12500
1666,INOD,13600
1667,IOSP,783600
1668,ISSC,52100
1669,INVA,139900
1670,INGN,362700
1671,INOV,197000
1672,INO,214500
1673,INPX,12600
1674,INSG,113699
1675,NSIT,474500
1676,ISIG,7201
1677,INSM,295700
1678,INSE,27799
1679,IIIN,190300
1680,PODD,2011100
1681,INSU,125000
1682,INSUU,146281
1683,INSUW,30000
1684,NTEC,2819
1685,IART,487200
1686,IMTE,37600
1687,INTC,591300
1688,NTLA,223000
1689,IDN,75400
1690,IPAR,479300
1691,IBKR,430100
1692,ICPT,470900
1693,IDCC,574300
1694,TILE,75900
1695,IBOC,301500
1696,IGIC,62500
1697,IGICW,3500
1698,IMXI,124000
1699,IDXG,61400
1700,XENT,137300
1701,IPLDP,252150
1702,IVAC,53500
1703,ITCI,242100
1704,IIN,136000
1705,INTU,3053000
1706,ISRG,5804800
1707,PLW,393200
1708,ADRE,408521
1709,BSCK,212900
1710,BSJK,232900
1711,BSCL,214000
1712,BSJL,228400
1713,BSML,253200
1714,BSAE,254116
1715,BSCM,218700
1716,BSJM,225100
1717,BSMM,252350
1718,BSBE,256650
1719,BSCN,218250
1720,BSJN,241400
1721,BSMN,254372
1722,BSCE,257300
1723,BSCO,221500
1724,BSJO,236200
1725,BSMO,254250
1726,BSDE,255650
1727,BSCP,222600
1728,BSJP,230300
1729,BSMP,255150
1730,BSCQ,215700
1731,BSJQ,239899
1732,BSMQ,252300
1733,BSCR,218800
1734,BSJR,235200
1735,BSMR,250700
1736,BSCS,230100
1737,BSMS,254800
1738,BSCT,212775
1739,BSMT,254050
1740,PKW,574334
1741,PFM,283200
1742,PYZ,510929
1743,PEZ,483760
1744,PSL,666000
1745,PIZ,279550
1746,PIE,187700
1747,PXI,150899
1748,PFI,342800
1749,PTH,1224700
1750,PRN,688900
1751,PDP,683959
1752,DWAS,538018
1753,PTF,1000800
1754,PUI,299343
1755,IDLB,250850
1756,PRFZ,1108100
1757,PIO,289695
1758,PGJ,505900
1759,PEY,143400
1760,IPKW,291478
1761,PID,123400
1762,KBWB,372700
1763,KBWD,132400
1764,KBWY,191900
1765,KBWP,548500
1766,KBWR,343471
1767,PNQI,1836600
1768,PDBC,131000
1769,QQQ,2521900
1770,ISDX,220300
1771,ISDS,208800
1772,ISEM,227399
1773,IUS,253700
1774,IUSS,211100
1775,USLB,309460
1776,PSCD,546900
1777,PSCC,733510
1778,PSCE,33300
1779,PSCF,383488
1780,PSCH,1219300
1781,PSCI,577800
1782,PSCT,865050
1783,PSCM,375700
1784,PSCU,487429
1785,VRIG,246400
1786,PHO,365500
1787,ISTR,141600
1788,CMFNL,214400
1789,ICMB,34500
1790,ISBC,81100
1791,ITIC,1172700
1792,NVIV,14700
1793,IONS,607900
1794,IOVA,290900
1795,IPGP,1590800
1796,CLRG,232700
1797,CSML,213231
1798,IQ,238200
1799,IRMD,239600
1800,IRTC,1135000
1801,IRIX,21600
1802,IRDM,264600
1803,IRBT,855800
1804,IRWD,101800
1805,IRCP,60900
1806,SLQD,521100
1807,ISHG,791114
1808,SHY,865600
1809,TLT,1635900
1810,IEI,1335500
1811,IEF,1217200
1812,AIA,670900
1813,USIG,605400
1814,COMT,239700
1815,ISTB,514400
1816,IXUS,555600
1817,IUSG,728900
1818,IUSV,524000
1819,IUSB,543000
1820,HEWG,273100
1821,DMXF,520834
1822,USXF,258759
1823,SUSB,260100
1824,SUSC,277194
1825,ESGD,616200
1826,ESGE,332100
1827,LDEM,484700
1828,ESGU,707500
1829,SUSL,546020
1830,XT,450600
1831,FALN,263700
1832,IFEU,329534
1833,IFGL,238400
1834,BGRN,547200
1835,IGF,388500
1836,GNMA,513300
1837,IBTA,253550
1838,IBTB,255900
1839,IBTD,257500
1840,IBTE,260000
1841,IBTF,261650
1842,IBTG,262750
1843,IBTH,263750
1844,IBTI,265500
1845,IBTJ,266150
1846,HYXE,497900
1847,IGIB,603200
1848,IGOV,509900
1849,EMB,1097200
1850,MBB,1107000
1851,JKI,1256802
1852,ACWX,441000
1853,ACWI,749599
1854,AAXJ,717099
1855,EWZS,130500
1856,MCHI,682400
1857,SCZ,541600
1858,EEMA,693100
1859,EMXC,439488
1860,EUFN,145500
1861,IEUS,473855
1862,RING,298100
1863,SDG,701728
1864,EWJE,324099
1865,EWJV,221315
1866,ENZL,572300
1867,QAT,163597
1868,TUR,234600
1869,UAE,101000
1870,IBB,1385400
1871,SOXX,2706700
1872,PFF,347100
1873,AMCA,264000
1874,EMIF,222000
1875,ICLN,128600
1876,WOOD,555900
1877,INDY,321800
1878,IJT,1692200
1879,DVY,804400
1880,SHV,1107200
1881,IGSB,547700
1882,ITMR,212000
1883,ITI,49300
1884,ITRM,11900
1885,ITRI,659500
1886,ITRN,161400
1887,ISEE,51000
1888,IZEA,11200
1889,JJSF,1235800
1890,MAYS,225000
1891,JBHT,1182600
1892,JCOM,616900
1893,JKHY,1845100
1894,JACK,736300
1895,JAGX,4750
1896,JAKK,7845
1897,JRVR,446300
1898,JAN,31850
1899,JSML,457631
1900,JSMD,481650
1901,JAZZ,1097500
1902,JD,613900
1903,JRSH,49400
1904,JBLU,106700
1905,JCTCF,68500
1906,JFIN,38800
1907,JMPNL,204450
1908,JMPNZ,191800
1909,JBSS,844300
1910,JOUT,907500
1911,JNCE,65100
1912,YY,886800
1913,KALU,703000
1914,KXIN,8072
1915,KALA,105600
1916,KLDO,78000
1917,KALV,129700
1918,KMDA,88300
1919,KNDI,39900
1920,KRTX,1097400
1921,KPTI,197100
1922,KZIA,35000
1923,KBLM,110000
1924,KBLMR,2397
1925,KBLMU,122000
1926,KBLMW,2300
1927,KBSF,23500
1928,KRNY,80100
1929,KELYA,150500
1930,KELYB,149650
1931,KFFB,67601
1932,KROS,358000
1933,KEQU,90550
1934,KTCC,59300
1935,KZR,52500
1936,KFRC,285600
1937,KE,123300
1938,KBAL,113200
1939,KIN,41700
1940,KGJI,4800
1941,KC,322400
1942,KINS,43500
1943,KNSA,237300
1944,KNSL,1537500
1945,KIRK,26000
1946,KTOV,9300
1947,KTOVW,1801
1948,KLAC,1965100
1949,KLXE,21100
1950,KOD,485900
1951,KOPN,14000
1952,KRNT,511300
1953,KOSS,14800
1954,KWEB,643500
1955,KTOS,154400
1956,KRYS,447500
1957,KLIC,212100
1958,KURA,164899
1959,KRUS,136100
1960,KVHI,84300
1961,FSTR,123699
1962,LJPC,44100
1963,LSBK,124366
1964,LBAI,106199
1965,LKFN,445600
1966,LAKE,225799
1967,LRCX,3237000
1968,LAMR,664700
1969,LANC,1575500
1970,LCA,144500
1971,LCAHU,156500
1972,LCAHW,38200
1973,LNDC,75900
1974,LARK,243299
1975,LMRK,98200
1976,LMRKN,243998
1977,LMRKO,230000
1978,LMRKP,236500
1979,LE,82600
1980,LSTR,1120100
1981,LTRN,131300
1982,LNTH,145600
1983,LTRX,37200
1984,LRMR,129300
1985,LSCC,289100
1986,LAUR,101500
1987,LAWS,311000
1988,LAZY,85100
1989,LCNB,145300
1990,LPTX,20700
1991,LEGH,134700
1992,LEGN,396100
1993,INFR,276950
1994,LVHD,288773
1995,SQLV,219019
1996,LACQ,108099
1997,LACQU,122000
1998,LACQW,6299
1999,LMAT,263500
2000,TREE,2956900
2001,LEVL,167300
2002,LXRX,19400
2003,LX,115900
2004,LFAC,106500
2005,LFACU,130000
2006,LFACW,8499
2007,LGIH,878700
2008,LHCG,1771800
2009,LLIT,6499
2010,LBRDA,1235800
2011,LBRDK,1254900
2012,LBTYA,225100
2013,LBTYB,230000
2014,LBTYK,220000
2015,LILA,94300
2016,LILAK,91700
2017,BATRA,188900
2018,BATRK,184800
2019,FWONA,303000
2020,FWONK,329099
2021,LSXMA,355000
2022,LSXMB,370000
2023,LSXMK,351500
2024,LTRPA,21800
2025,LTRPB,422100
2026,LSAC,99900
2027,LSACU,105000
2028,LSACW,8799
2029,LCUT,69900
2030,LFVN,141400
2031,LWAY,23334
2032,LGND,1116400
2033,LTBR,40900
2034,LPTH,33000
2035,LMB,36704
2036,LLNW,77800
2037,LMST,128699
2038,LMNL,167500
2039,LMNR,140200
2040,LINC,40000
2041,LECO,839800
2042,LIND,77000
2043,LGHL,25500
2044,LGHLW,1501
2045,LPCN,13100
2046,LIQT,56600
2047,YVR,14900
2048,LQDA,77900
2049,LQDT,56200
2050,LFUS,1647000
2051,LIVK,98600
2052,LIVKU,100102
2053,LIVKW,3501
2054,LIVN,510000
2055,LOB,140500
2056,LIVE,99599
2057,LPSN,439200
2058,LIVX,37700
2059,LVGO,728100
2060,LIZI,52800
2061,LKQ,259000
2062,LMFA,12700
2063,LMFAW,1222
2064,LMPX,93300
2065,LOGC,83200
2066,LOGI,649300
2067,LOGM,853600
2068,CNCR,272050
2069,CHNA,311606
2070,LONE,4650
2071,LOAC,106100
2072,LOACR,2000
2073,LOACU,104000
2074,LOACW,2300
2075,LOOP,90399
2076,LORL,196600
2077,LPLA,771200
2078,LYTS,61900
2079,LULU,3047700
2080,LITE,822600
2081,LMNX,328400
2082,LUMO,162300
2083,LUNA,58600
2084,LKCO,6398
2085,LBC,94300
2086,LYFT,318200
2087,LYRA,111100
2088,MCBC,73200
2089,MFNC,103000
2090,MTSI,351300
2091,MGNX,295000
2092,MDGL,1115800
2093,MAGS,29800
2094,MGLN,730000
2095,MGTA,79700
2096,MGIC,114200
2097,MGNI,68100
2098,MGYR,89900
2099,MHLD,12600
2100,MNSB,131500
2101,MJCO,77000
2102,MMYT,160700
2103,MBUU,514799
2104,MLVF,124700
2105,TUSK,11500
2106,MANH,928400
2107,LOAN,47000
2108,MNTX,48000
2109,MTEX,170400
2110,MNKD,17900
2111,MANT,689900
2112,MARA,9101
2113,MCHX,14400
2114,MRIN,13700
2115,MARPS,19300
2116,MRNS,25400
2117,MRKR,20700
2118,MKTX,5018800
2119,MRLN,76500
2120,MAR,878000
2121,MBII,10900
2122,MRTN,249800
2123,MMLP,19200
2124,MRVL,350200
2125,MASI,2317200
2126,MCFT,193000
2127,MTCH,989200
2128,MTLS,235400
2129,MTRX,92800
2130,MAT,101199
2131,MATW,184899
2132,MXIM,604000
2133,MGRC,529100
2134,MDCA,20299
2135,MDJH,29700
2136,MDRR,18300
2137,MDRRP,119900
2138,MBNKP,160300
2139,MFIN,27300
2140,MFINL,246200
2141,MDIA,48099
2142,MNOV,56500
2143,MDGS,17400
2144,MDGSW,2500
2145,MDWD,33700
2146,MEDP,935699
2147,MEIP,34900
2148,MGTX,123200
2149,MLCO,165799
2150,MNLO,16900
2151,MTSL,15800
2152,MELI,9884200
2153,MBWM,210300
2154,MERC,81199
2155,MBIN,177300
2156,MBINO,230000
2157,MBINP,251000
2158,MFH,22700
2159,MRCY,802700
2160,MREO,30800
2161,MCMJ,98500
2162,MCMJW,5000
2163,EBSB,109700
2164,VIVO,237900
2165,MRBK,155000
2166,MMSI,449600
2167,SNUG,258900
2168,MACK,33500
2169,MRSN,221000
2170,MRUS,158200
2171,MESA,33000
2172,MLAB,2169300
2173,MESO,120399
2174,CASH,175799
2175,METX,120900
2176,METXW,5598
2177,MEOH,187500
2178,MCBS,136400
2179,MGEE,648600
2180,MGPI,355300
2181,MBOT,70500
2182,MCHP,1046100
2183,MU,498300
2184,MSFT,2062600
2185,MSTR,1173500
2186,MVIS,14700
2187,MICT,17000
2188,MPB,190400
2189,MTP,13700
2190,MCEP,33400
2191,MBCN,202100
2192,MSEX,676500
2193,MSBI,142300
2194,MSVB,120700
2195,MOFG,188600
2196,MIST,37200
2197,MLND,17200
2198,TIGO,262700
2199,MIME,432600
2200,MNDO,20990
2201,NERV,35600
2202,MGEN,10600
2203,MRTX,1169900
2204,MIRM,201500
2205,MSON,133300
2206,MIND,15500
2207,MINDP,180300
2208,MITK,93600
2209,MKSI,1137900
2210,MMAC,230000
2211,MTC,13500
2212,MOBL,49900
2213,MRNA,585700
2214,MOGO,9320
2215,MWK,55400
2216,MKD,22831
2217,MTEM,135100
2218,MBRX,9281
2219,MNTA,322700
2220,MOMO,181100
2221,MKGI,22500
2222,MCRI,343600
2223,MDLZ,514900
2224,MGI,31600
2225,MDB,2251800
2226,MNCL,102700
2227,MNCLU,110000
2228,MNCLW,5600
2229,MPWR,2371300
2230,MNPR,71800
2231,MNRO,554500
2232,MRCC,68200
2233,MRCCL,228165
2234,MNST,692600
2235,MORN,1460200
2236,MORF,259800
2237,MOR,327100
2238,MOSY,17400
2239,MPAA,169600
2240,MOTS,13600
2241,MCACU,101000
2242,MOXC,7800
2243,COOP,117800
2244,MSBF,120000
2245,MTBC,95500
2246,MTBCP,262100
2247,MTSC,172600
2248,GRIL,26600
2249,MBIO,30600
2250,MVBF,131800
2251,MYSZ,11500
2252,MYL,159300
2253,MYOK,941100
2254,MYOS,17000
2255,MYRG,321200
2256,MYGN,115800
2257,NBRV,6779
2258,NAKD,6590
2259,NNDM,21200
2260,NSTG,350300
2261,NAOV,20801
2262,NH,50500
2263,NK,119900
2264,NSSC,227100
2265,NDAQ,1200600
2266,NTRA,480800
2267,NATH,594500
2268,NKSH,283400
2269,FIZZ,639300
2270,NCMI,30099
2271,NESR,68300
2272,NESRW,7200
2273,NGHC,208500
2274,NGHCN,239200
2275,NGHCO,241200
2276,NGHCP,240700
2277,NGHCZ,252000
2278,NHLD,19400
2279,NHLDW,1499
2280,NATI,384300
2281,NRC,583500
2282,NSEC,133500
2283,EYE,306200
2284,NWLI,1942600
2285,NAII,69400
2286,NHTC,58000
2287,NATR,91000
2288,NTUS,219500
2289,JSM,206500
2290,NAVI,69000
2291,NMCI,8194
2292,NBTB,292400
2293,NCSM,5504
2294,NKTR,235200
2295,NMRD,85700
2296,NEOG,779300
2297,NEO,338800
2298,NLTX,140000
2299,NEON,83699
2300,NEOS,6893
2301,NVCN,23800
2302,NEPH,80500
2303,NEPT,28600
2304,UEPS,31700
2305,NETE,88800
2306,NTAP,435500
2307,NTES,4309100
2308,NFIN,107899
2309,NFINU,122000
2310,NFINW,12900
2311,NFLX,4768900
2312,NTGR,244100
2313,NTCT,257000
2314,NTWK,26119
2315,NBSE,86600
2316,NRBO,85800
2317,NBIX,1253700
2318,NURO,21100
2319,STIM,18300
2320,NTRP,11600
2321,NBEV,15000
2322,NFE,126500
2323,NPA,102200
2324,NPAUU,106000
2325,NPAWW,12800
2326,NYMT,24900
2327,NYMTM,186500
2328,NYMTN,188299
2329,NYMTO,189800
2330,NYMTP,188200
2331,NEWA,38600
2332,NBAC,99000
2333,NBACR,2300
2334,NBACU,100500
2335,NBACW,1402
2336,NWL,159700
2337,NWGI,27799
2338,NMRK,45900
2339,NWS,121000
2340,NWSA,120300
2341,NEWT,178600
2342,NEWTI,248000
2343,NEWTL,245700
2344,NXST,843100
2345,NXTC,211700
2346,NEXT,20400
2347,NXGN,109000
2348,NGM,192000
2349,NODK,151200
2350,EGOV,231000
2351,NICE,1884600
2352,NICK,75101
2353,NCBS,535000
2354,NKLA,571900
2355,NKLAW,311000
2356,NIU,182500
2357,LASR,225400
2358,NMIH,157000
2359,NNBR,45700
2360,NBL,95500
2361,NBLX,80000
2362,NDLS,60000
2363,NDSN,1861500
2364,NSYS,41400
2365,NBN,169300
2366,NTIC,74400
2367,NTRS,776700
2368,NTRSO,254899
2369,NFBK,105300
2370,NRIM,235300
2371,NWBI,97100
2372,NWPX,245799
2373,NLOK,200100
2374,NCLH,159700
2375,NWFL,247000
2376,NVFY,20800
2377,NVMI,486500
2378,NOVN,4896
2379,NOVT,1069000
2380,NVAX,816400
2381,NVCR,606500
2382,NOVS,98200
2383,NOVSU,106500
2384,NOVSW,7500
2385,NVUS,4621
2386,NUAN,257399
2387,NCNA,53874
2388,NTNX,238700
2389,NUVA,570800
2390,QQQX,236400
2391,NUZE,101500
2392,NVEE,510200
2393,NVEC,604700
2394,NVDA,3844900
2395,NXPI,1127200
2396,NXTD,5860
2397,NYMX,36600
2398,OIIM,16200
2399,OVLY,125800
2400,OCSL,44200
2401,OCSI,61800
2402,OMP,81700
2403,OAS,7512
2404,OBLN,7100
2405,OBSV,61500
2406,OBCI,130500
2407,OPTT,7010
2408,OCFC,167200
2409,OCFCP,258000
2410,OFED,256500
2411,OCGN,2212
2412,OCUL,79800
2413,ODT,401200
2414,OMEX,46100
2415,OPI,257500
2416,OPINI,235100
2417,OPINL,248200
2418,OFS,45300
2419,OFSSI,220000
2420,OFSSL,229000
2421,OFSSZ,245000
2422,OCCI,89500
2423,OCCIP,233747
2424,OVBC,227500
2425,OKTA,2077600
2426,ODFL,1708700
2427,ONB,131400
2428,OPOF,152000
2429,OSBC,74700
2430,OLLI,933000
2431,ZEUS,114100
2432,OFLX,1014000
2433,OMER,151500
2434,OMCL,669100
2435,ON,191800
2436,ONCY,18600
2437,ONTX,5795
2438,ONTXW,849
2439,ONCS,19700
2440,ONCT,27500
2441,OSS,20000
2442,OSPN,277900
2443,OSW,49200
2444,ONEW,242300
2445,OPBK,68600
2446,LPRO,154600
2447,OTEX,429700
2448,OPRA,91700
2449,OPES,149800
2450,OPESU,235000
2451,OPESW,34600
2452,OPGN,20700
2453,OPNT,91300
2454,OPK,35400
2455,OPRT,132100
2456,OBAS,118300
2457,OCC,25000
2458,OPRX,133100
2459,OPHC,23300
2460,OPTN,64500
2461,OPCH,130700
2462,ORMP,35200
2463,OSUR,120200
2464,ORBC,38100
2465,OEG,7010
2466,ORTX,59300
2467,ORLY,4278500
2468,OGI,16200
2469,ORGO,37200
2470,ONVO,6230
2471,ORGS,59000
2472,ORIC,299300
2473,SEED,86300
2474,OBNK,204700
2475,OESX,36400
2476,ORSN,100900
2477,ORSNR,2120
2478,ORSNU,100500
2479,ORSNW,3000
2480,ORRF,135700
2481,OFIX,321900
2482,KIDS,441100
2483,OSIS,738600
2484,OSMT,64700
2485,OSN,28789
2486,OTEL,116809
2487,OTIC,31600
2488,OTTR,392600
2489,OTLK,12900
2490,OTLKW,2286
2491,OSTK,334300
2492,OVID,71900
2493,OXBR,11100
2494,OXBRW,864
2495,OXFD,130800
2496,OXLC,40599
2497,OXLCM,231700
2498,OXLCO,243000
2499,OXLCP,217500
2500,OXSQ,29100
2501,OXSQL,233000
2502,OXSQZ,227000
2503,OYST,284000
2504,PFIN,48099
2505,PTSI,305100
2506,PCAR,756800
2507,HERD,227284
2508,ECOW,199000
2509,VETS,280820
2510,PACB,37400
2511,PEIX,7748
2512,PMBC,36400
2513,PPBI,202000
2514,PCRX,523700
2515,PACW,186500
2516,PAE,97400
2517,PAEWW,26000
2518,PLMR,875100
2519,PAAS,292400
2520,PANL,22700
2521,PZZA,836600
2522,PRTK,51500
2523,TEUM,5720
2524,PCYG,42900
2525,PKBK,144700
2526,PKOH,158400
2527,PTNR,43063
2528,PASG,261500
2529,PBHC,95300
2530,PATK,581100
2531,PNBK,59723
2532,PATI,85100
2533,PDCO,220100
2534,PTEN,33600
2535,PAVM,20500
2536,PAVMW,10100
2537,PAVMZ,9800
2538,PAYX,765900
2539,PCTY,1529900
2540,PYPL,1772100
2541,PAYS,94900
2542,CNXN,460700
2543,PCB,100500
2544,PCSB,122700
2545,PCTI,68100
2546,PDCE,142300
2547,PDFS,197100
2548,PDLI,29100
2549,PDLB,108400
2550,PDSB,16700
2551,PGC,177000
2552,PEGA,1030000
2553,PTON,591600
2554,PENN,309300
2555,PVAC,96000
2556,PFLT,83699
2557,PNNT,33200
2558,PNNTG,224000
2559,PWOD,224400
2560,PEBO,202200
2561,PEBK,174400
2562,PFIS,387100
2563,PBCT,111800
2564,PBCTP,241500
2565,PEP,1328500
2566,PRCP,32900
2567,PRDO,160000
2568,PRFT,354600
2569,PSHG,5936
2570,PFMT,6650
2571,PERI,50599
2572,PESI,62800
2573,PPIH,59800
2574,PSNL,142100
2575,PETQ,358300
2576,PETS,356400
2577,PFSW,67500
2578,PGTI,152400
2579,PHAS,43900
2580,PHAT,315800
2581,PAHC,260700
2582,PHIO,22000
2583,PHIOW,1106
2584,PLAB,111199
2585,PHUN,12200
2586,PHUNW,2100
2587,PICO,82800
2588,PLL,55700
2589,PIRS,30600
2590,PPC,167300
2591,PDD,930000
2592,PME,11399
2593,PNFP,398000
2594,PNFPP,257000
2595,PT,11200
2596,PBFS,88000
2597,PPSI,14200
2598,PXLW,32500
2599,PLYA,35200
2600,PLXS,656000
2601,PLRX,295300
2602,PLUG,91000
2603,PLBC,227000
2604,PS,190300
2605,PSTI,89200
2606,PSTV,21200
2607,PLXP,31095
2608,PCOM,87500
2609,POLA,25800
2610,PTE,12400
2611,PYPD,173299
2612,POOL,2702200
2613,BPOP,362200
2614,BPOPM,250000
2615,BPOPN,255000
2616,KCAPL,244800
2617,PTMN,10900
2618,PPHI,114300
2619,PBPB,22000
2620,PCH,380300
2621,POWL,277200
2622,POWI,1176800
2623,PBTS,23600
2624,PWFL,45300
2625,PPD,268800
2626,PRAA,383300
2627,PRAH,950500
2628,PGEN,48200
2629,PRPO,13000
2630,DTIL,84200
2631,POAI,14600
2632,PFBC,404400
2633,PLPC,493500
2634,PFBI,124600
2635,PFC,167100
2636,PINC,333500
2637,PRVL,154000
2638,PRGX,47699
2639,PSMT,594300
2640,PNRG,752400
2641,PRMW,137400
2642,PRIM,175300
2643,PVAL,222519
2644,PFG,407900
2645,BTEC,448527
2646,PDEV,240182
2647,GENY,436211
2648,PSET,400900
2649,PY,272125
2650,PMOM,288371
2651,PLC,252653
2652,USMC,302900
2653,PSC,268413
2654,PSM,218127
2655,PRNB,560000
2656,PRTH,28400
2657,UFO,201000
2658,PDEX,179300
2659,IPDN,28800
2660,PFHD,134700
2661,PFIE,8439
2662,PROF,174899
2663,PROG,88000
2664,PRGS,383800
2665,PGNY,263100
2666,PFPT,1122400
2667,PRPH,14000
2668,PTAC,101649
2669,PTACU,102500
2670,PTACW,7000
2671,PRQR,57200
2672,EQRR,297700
2673,BIB,743000
2674,TQQQ,1032900
2675,SQQQ,71400
2676,BIS,78300
2677,PSEC,50500
2678,PTGX,177500
2679,TARA,280100
2680,PTVCA,176680
2681,PTVCB,144200
2682,PTI,13700
2683,PRTA,109800
2684,PRVB,142900
2685,PVBC,77400
2686,PROV,128400
2687,PBIP,118500
2688,PMD,57900
2689,PTC,782700
2690,PTCT,530000
2691,PHCF,54500
2692,PULM,17100
2693,PLSE,105000
2694,PBYI,105300
2695,PACQ,106000
2696,PACQU,105200
2697,PACQW,15999
2698,PCYO,93200
2699,PRPL,180700
2700,PUYI,64496
2701,PXS,7899
2702,QK,94349
2703,QADA,417400
2704,QADB,281100
2705,QCRH,295100
2706,QGEN,425100
2707,QIWI,180300
2708,QRVO,1103000
2709,QCOM,918700
2710,QLGN,41000
2711,QLYS,1047099
2712,QTRX,278800
2713,QMCO,40500
2714,QRHC,13200
2715,QUIK,30200
2716,QDEL,2270400
2717,QNST,104200
2718,QUMU,44200
2719,QTNT,77600
2720,QRTEA,98200
2721,QRTEB,98100
2722,QTT,34600
2723,RRD,11100
2724,RCM,121400
2725,RADA,65400
2726,RDCM,85000
2727,RDUS,141700
2728,RDNT,158300
2729,RDWR,235900
2730,METC,22000
2731,RMBS,150300
2732,RAND,109500
2733,RNDB,99000
2734,RPD,534000
2735,RAPT,280500
2736,RTLR,95200
2737,RAVE,7369
2738,RAVN,208000
2739,RBB,130900
2740,ROLL,1313700
2741,RICK,132100
2742,RCMT,15300
2743,RDI,44100
2744,RDIB,164106
2745,BLCN,291300
2746,RNWK,12700
2747,RP,654200
2748,RETA,1578500
2749,RCON,11500
2750,REPH,46000
2751,RRBI,422100
2752,RRGB,96400
2753,RRR,107899
2754,RDVT,177800
2755,RDFN,419500
2756,RDHL,67900
2757,REED,9589
2758,REG,457299
2759,REGN,6224500
2760,RGNX,381000
2761,RGLS,6926
2762,REKR,40800
2763,RBNC,151900
2764,RELV,36783
2765,RLMD,427800
2766,MARK,23600
2767,RNST,232700
2768,REGI,237399
2769,RCII,266800
2770,RPTX,291400
2771,RPAY,250200
2772,RGEN,1266500
2773,REPL,221600
2774,KRMD,90700
2775,RBCAA,311000
2776,FRBK,22150
2777,REFR,38600
2778,RSSS,24400
2779,RESN,24700
2780,RGP,119000
2781,TORC,23100
2782,ROIC,111600
2783,RETO,12600
2784,RTRX,207800
2785,RVNC,251300
2786,RVMD,310100
2787,RWLK,13899
2788,REXN,28473
2789,REYN,348900
2790,RFIL,46000
2791,RGCO,247900
2792,RBKB,65300
2793,RYTM,220000
2794,RBBN,39800
2795,RIBT,7877
2796,RELL,40770
2797,RMBI,110399
2798,RIGL,19100
2799,RNET,18000
2800,RMNI,49300
2801,RIOT,22900
2802,REDU,37500
2803,RVSB,52300
2804,RIVE,53700
2805,RCKT,225500
2806,RMTI,19300
2807,RCKY,198900
2808,RMCF,40700
2809,ROKU,1286500
2810,ROSE,3300
2811,ROSEU,4440
2812,ROSEW,202
2813,ROST,885800
2814,ROCHU,102000
2815,RGLD,1210500
2816,RPRX,457299
2817,RTIX,29400
2818,RBCN,85000
2819,RUBY,62500
2820,RUHN,30299
2821,RMBL,90200
2822,RUSHA,410800
2823,RUSHB,353400
2824,RUTH,77300
2825,RYAAY,667200
2826,STBA,222200
2827,SANW,27900
2828,SBRA,142300
2829,SABR,80600
2830,SFET,17400
2831,SAFT,749300
2832,SGA,248500
2833,SAGE,430100
2834,SAIA,1123800
2835,SLRX,14400
2836,SALM,11100
2837,SAL,394799
2838,SAFM,1115000
2839,SASR,235100
2840,SGMO,96300
2841,SANM,247700
2842,SNY,516200
2843,SPNS,275500
2844,SRPT,1627500
2845,STSA,272500
2846,SVRA,21300
2847,SBFG,169899
2848,SBBX,182500
2849,SBAC,3005800
2850,SCSC,232100
2851,SMIT,34100
2852,SCHN,168500
2853,SRRK,176000
2854,SCHL,288700
2855,SDGR,928199
2856,SAMA,103800
2857,SAMAU,124200
2858,SAMAW,12547
2859,SJ,61600
2860,SGMS,162500
2861,SCPL,153500
2862,SCPH,71600
2863,WORX,57550
2864,SCYX,7190
2865,SEAC,14500
2866,SBCF,196000
2867,STX,473400
2868,SHIP,21200
2869,SHIPW,540
2870,SHIPZ,567
2871,SPNE,104400
2872,SGEN,1690300
2873,EYES,9613
2874,EYESW,1399
2875,SECO,32800
2876,SCWX,115800
2877,SNFCA,65500
2878,SEEL,10200
2879,SEIC,542400
2880,SLCT,77800
2881,SIC,35300
2882,SELB,27400
2883,SIGI,515600
2884,SLS,27799
2885,LEDS,33500
2886,SMTC,524900
2887,SNCA,7312
2888,SENEA,334799
2889,SENEB,330000
2890,SNES,19900
2891,AIHS,7700
2892,SRTS,30099
2893,SQBG,2060
2894,MCRB,49900
2895,SVC,68800
2896,SREV,16900
2897,SFBS,336900
2898,SESN,7058
2899,SVBI,63000
2900,SGBX,26900
2901,SGOC,10700
2902,SMED,64900
2903,SHSP,91100
2904,SHEN,503300
2905,PIXY,52500
2906,SHLO,17900
2907,TYHT,5282
2908,SWAV,474600
2909,SCVL,291100
2910,SHBI,104700
2911,SSTI,245600
2912,SIBN,161100
2913,SIEB,48900
2914,SIEN,40900
2915,BSRR,176600
2916,SRRA,119500
2917,SWIR,88000
2918,SIFY,7996
2919,SIGA,59700
2920,SGLB,28100
2921,SGLBW,2500
2922,SGMA,32200
2923,SBNY,1045100
2924,SLGN,328300
2925,SILC,367000
2926,SLAB,984300
2927,SIMO,482400
2928,SILK,423900
2929,SSPK,101199
2930,SSPKU,103400
2931,SSPKW,6000
2932,SAMG,127500
2933,SSNT,21700
2934,SFNC,161500
2935,SLP,618000
2936,SINA,366700
2937,SBGI,181600
2938,SINO,6470
2939,SVA,64700
2940,SINT,16700
2941,SPQQ,253115
2942,SG,72599
2943,SIRI,58400
2944,SITM,458500
2945,SKYS,46400
2946,SKYW,309600
2947,SWKS,1284199
2948,SNBR,420700
2949,SLM,69900
2950,SLMBP,333870
2951,SGH,270300
2952,SND,11600
2953,SMBK,151500
2954,SDC,81000
2955,SWBI,226500
2956,SMSI,44700
2957,SMTX,31700
2958,SCKT,14400
2959,GIGE,246429
2960,SAQN,99800
2961,SAQNU,105200
2962,SAQNW,11000
2963,SOHU,94800
2964,SLRC,166600
2965,SUNS,124700
2966,SEDG,1431100
2967,SLNO,21800
2968,SLGL,86900
2969,SLDB,30000
2970,SNGX,19600
2971,SNGXW,5000
2972,SOLY,76900
2973,SONM,8214
2974,SONN,36300
2975,SNOA,67400
2976,SONO,151300
2977,SRNE,68500
2978,SOHO,25400
2979,SOHOB,89426
2980,SOHON,92144
2981,SOHOO,88100
2982,SFBC,241500
2983,SMMC,101750
2984,SMMCU,107600
2985,SMMCW,12400
2986,SPFI,136700
2987,SSB,468500
2988,SFST,257300
2989,SMBC,232300
2990,SONA,89800
2991,SBSI,264800
2992,SY,147600
2993,SP,196200
2994,SGRP,7655
2995,SPKE,72600
2996,SPKEP,213500
2997,SPTN,209000
2998,DWFI,234259
2999,SPPI,34300
3000,SPRO,133700
3001,ANY,29700
3002,SPI,10700
3003,SAVE,174000
3004,STXB,114000
3005,SPLK,1999100
3006,SPOK,89200
3007,SPWH,141600
3008,SBPH,14500
3009,SWTX,405500
3010,FUND,58900
3011,SPT,276800
3012,SFM,249000
3013,SPSC,761400
3014,SRAX,24400
3015,SSNC,566100
3016,SSRM,205900
3017,STAA,616200
3018,SRAC,99100
3019,SRACU,101000
3020,SRACW,7999
3021,STAF,9800
3022,STMP,1958899
3023,STND,232000
3024,SBLK,65100
3025,SBLKZ,246900
3026,SBUX,737800
3027,STFC,171300
3028,MITO,18226
3029,GASS,26900
3030,STCN,5326
3031,STLD,259700
3032,SMRT,3421
3033,SRCL,555000
3034,SBT,34600
3035,STRL,101199
3036,SHOO,237200
3037,SFIX,285500
3038,SYBT,376200
3039,STOK,230200
3040,BANX,170700
3041,STNE,401100
3042,SSKN,11600
3043,SSYS,156600
3044,STRA,1585200
3045,HNDL,243553
3046,STRT,169500
3047,STRS,190000
3048,STRM,13100
3049,SBBP,36900
3050,SUMR,93475
3051,SMMF,161600
3052,SSBI,92400
3053,SMMT,32900
3054,WISA,22599
3055,SNDE,27100
3056,SNDL,7835
3057,SNSS,2888
3058,STKL,48000
3059,SPWR,77600
3060,RUN,200000
3061,SUNW,7473
3062,SLGG,23800
3063,SMCI,274800
3064,SPCB,17200
3065,SCON,4200
3066,SGC,135300
3067,SUPN,236100
3068,SPRT,14000
3069,SURF,63000
3070,SGRY,111800
3071,SRDX,430000
3072,SSSS,90900
3073,STRO,74400
3074,SIVB,2083400
3075,SIVBP,242550
3076,SVMK,236500
3077,SWKH,125600
3078,SYKE,267800
3079,SYNC,11299
3080,SYNL,77700
3081,SYNA,592400
3082,SNCR,33200
3083,SNDX,145800
3084,SYNH,575300
3085,SYBX,19500
3086,SNPS,1975800
3087,SYPR,7800
3088,SYRS,121500
3089,TROW,1227300
3090,TTOO,14000
3091,TRHC,570500
3092,TCMD,408700
3093,TAIT,25800
3094,TLC,58000
3095,TTWO,1444000
3096,TLND,367500
3097,TNDM,985800
3098,TLF,33000
3099,TANH,12261
3100,TAOP,4440
3101,TEDU,15700
3102,TH,15900
3103,THWWW,914
3104,TATT,37288
3105,TAYD,99600
3106,TCF,275700
3107,TCFCP,241500
3108,CGBD,83800
3109,TCRR,155500
3110,AMTD,359900
3111,GLG,19900
3112,PETZ,14900
3113,TCCO,31700
3114,TTGT,300500
3115,TGLS,56400
3116,TECTP,79000
3117,TELA,136500
3118,TNAV,54700
3119,TLGT,25850
3120,TELL,11000
3121,TENB,295700
3122,TENX,9027
3123,TZAC,107500
3124,TZACU,104400
3125,TZACW,4977
3126,TER,845800
3127,TERP,191200
3128,TBNK,225900
3129,TSLA,12086600
3130,TESS,53400
3131,TTEK,800300
3132,TTPH,24600
3133,TCBI,286800
3134,TCBIL,254000
3135,TCBIP,246600
3136,TXN,1258100
3137,TXRH,502500
3138,TFFP,61900
3139,TFSL,140400
3140,TGTX,200900
3141,WTER,16600
3142,ANDE,135400
3143,TBBK,91300
3144,BPRN,196900
3145,CG,279700
3146,CAKE,215600
3147,CHEF,136100
3148,TCFC,242900
3149,DSGX,541300
3150,DXYN,10100
3151,ENSG,424300
3152,XONE,89400
3153,FBMS,215400
3154,FLIC,154700
3155,GT,88400
3156,HCKT,133800
3157,HAIN,313500
3158,CUBA,36700
3159,INTG,255600
3160,JYNT,148300
3161,KHC,318100
3162,OLD,237700
3163,LOVE,266500
3164,MEET,62300
3165,MIK,68500
3166,MIDD,749800
3167,ODP,218900
3168,STKS,15300
3169,PECK,40300
3170,PNTG,228800
3171,PRSC,794200
3172,REAL,140600
3173,RMR,284100
3174,SHYF,172700
3175,SMPL,202000
3176,TTD,4429300
3177,YORW,488700
3178,NCTY,7942
3179,TXMD,13899
3180,THTX,19700
3181,TBPH,205200
3182,THMO,54900
3183,TCRD,32800
3184,THBR,101499
3185,THBRU,108000
3186,THBRW,15400
3187,TLRY,69600
3188,TSBK,182000
3189,TIPT,63900
3190,TITN,104700
3191,TMDI,8939
3192,TTNP,2994
3193,TVTY,112500
3194,TLSA,65100
3195,TMUS,1060100
3196,TMUSR,1860
3197,TNXP,5985
3198,TOPS,1324
3199,TRCH,3499
3200,TRMD,66500
3201,TOTA,107899
3202,TOTAR,2900
3203,TOTAU,105000
3204,TOTAW,1998
3205,TBLT,7808
3206,TBLTW,525
3207,TSEM,191600
3208,CLUB,5190
3209,TOWN,179200
3210,TPIC,244000
3211,TCON,19300
3212,TSCO,1324500
3213,TW,582900
3214,TWMC,68901
3215,TACT,45100
3216,TRNS,252700
3217,TGA,6006
3218,TBIO,178600
3219,TMDX,174200
3220,TA,135600
3221,TANNI,248800
3222,TANNL,245900
3223,TANNZ,244400
3224,TZOO,58200
3225,TRMT,31200
3226,TRVN,15300
3227,TRVI,76150
3228,TPCO,98699
3229,TCDA,264900
3230,TCBK,294600
3231,TDAC,110000
3232,TDACU,126750
3233,TDACW,5300
3234,TRIL,78700
3235,TRS,236000
3236,TRMB,425200
3237,TRIB,22900
3238,TCOM,265600
3239,TRIP,191000
3240,TSC,144300
3241,TSCAP,231650
3242,TSCBP,233900
3243,TBK,228700
3244,TBKCP,244500
3245,TRVG,19400
3246,TRUE,25600
3247,TRUP,428900
3248,TRST,60400
3249,TRMK,233900
3250,MEDS,62000
3251,TSRI,46600
3252,TTEC,461200
3253,TTMI,119500
3254,TC,14700
3255,TCX,574400
3256,TOUR,13799
3257,TPTX,643500
3258,HEAR,152000
3259,THCB,102600
3260,THCBU,107000
3261,THCBW,6199
3262,THCA,100599
3263,THCAU,101000
3264,THCAW,4800
3265,TWIN,53500
3266,TWST,461599
3267,TYME,12900
3268,USCR,243200
3269,PRTS,87400
3270,USEG,47500
3271,GROW,22700
3272,USAU,64400
3273,USWS,4859
3274,USWSW,497
3275,UCL,157912
3276,UFPI,477900
3277,UFPT,440500
3278,ULTA,2035900
3279,UCTT,232000
3280,RARE,860400
3281,ULBI,69000
3282,UMBF,482100
3283,UMPQ,102200
3284,UNAM,52039
3285,LATN,99500
3286,LATNU,102500
3287,LATNW,4000
3288,UNB,183500
3289,QURE,455400
3290,UAL,341400
3291,UBCP,116000
3292,UBOH,184800
3293,UBSI,264000
3294,UCBI,187100
3295,UCBIO,247000
3296,UFCS,265800
3297,UIHC,75000
3298,UNFI,181800
3299,UBFO,65500
3300,USLM,838100
3301,UTHR,1203300
3302,UG,155207
3303,UNIT,95100
3304,UNTY,140400
3305,UBX,89600
3306,OLED,1495400
3307,UEIC,460000
3308,ULH,172000
3309,USAP,82800
3310,UVSP,150000
3311,UMRX,4448
3312,TTTN,369000
3313,TIGR,41400
3314,UPLD,360000
3315,UPWK,143700
3316,UONE,192700
3317,UONEK,19200
3318,URBN,153400
3319,MYT,4293
3320,URGN,253600
3321,UROV,105000
3322,ECOL,338900
3323,ECOLW,50000
3324,USAK,84100
3325,USIO,18700
3326,UTMD,863800
3327,UTSI,16800
3328,UXIN,15900
3329,VCNX,33300
3330,VLY,73400
3331,VLYPO,217500
3332,VLYPP,248629
3333,VALU,273600
3334,VNDA,118500
3335,BBH,1658100
3336,ANGL,287800
3337,BJK,342849
3338,PPH,620725
3339,RTH,1338500
3340,SMH,1533600
3341,ESPO,533400
3342,VWOB,781500
3343,VNQI,483100
3344,VCIT,952700
3345,VGIT,705100
3346,VIGI,684000
3347,VYMI,520800
3348,VCLT,1072700
3349,VGLT,998000
3350,VMBS,544200
3351,VONE,1435300
3352,VONG,2012800
3353,VONV,991700
3354,VTWO,1146800
3355,VTWG,1509300
3356,VTWV,836200
3357,VTHR,1413899
3358,VCSH,826200
3359,VTIP,502200
3360,VGSH,621600
3361,BND,883400
3362,VTC,919599
3363,BNDX,576400
3364,VXUS,501500
3365,BNDW,814599
3366,VREX,149400
3367,VRNS,985800
3368,VBLT,12206
3369,VXRT,73700
3370,PCVX,299900
3371,VBIV,28700
3372,VECO,134000
3373,VERO,35200
3374,VEON,17900
3375,VRA,44400
3376,VCYT,277100
3377,VSTM,16700
3378,VERB,12300
3379,VERBW,3101
3380,VCEL,151100
3381,VERY,93600
3382,VRME,38500
3383,VRMEW,10999
3384,VRNT,451599
3385,VRSN,2108100
3386,VRSK,1731100
3387,VBTX,165400
3388,VERI,156300
3389,VRNA,47800
3390,VRRM,106900
3391,VRCA,103000
3392,VTNR,6637
3393,VRTX,2911000
3394,VERU,33600
3395,VIAC,232500
3396,VIACA,256100
3397,VSAT,366800
3398,VIAV,126500
3399,VICR,725699
3400,VCTR,176000
3401,CIZ,270400
3402,VSDA,332800
3403,CEY,202918
3404,CEZ,225575
3405,CID,257600
3406,CIL,348300
3407,CFO,519600
3408,CFA,506867
3409,CSF,388183
3410,CDC,465100
3411,CDL,394030
3412,VSMV,307871
3413,CSB,360589
3414,CSA,395424
3415,VIE,427100
3416,VMD,94400
3417,VRAY,23400
3418,VKTX,66800
3419,VKTXW,52333
3420,VBFC,293608
3421,VFF,47600
3422,VLGEA,265600
3423,VIOT,56900
3424,VNOM,103600
3425,VIR,403200
3426,VIRC,27799
3427,VTSI,38000
3428,VIRT,239500
3429,VRTS,1140700
3430,BBC,432299
3431,BBP,483562
3432,VRTU,319700
3433,VISL,5748
3434,VTGN,5310
3435,VC,701100
3436,VIVE,5612
3437,VVPR,14400
3438,VVUS,7900
3439,VOD,160600
3440,VG,102100
3441,VOXX,56200
3442,VYGR,129000
3443,VRM,543000
3444,VSEC,302100
3445,VTVT,22700
3446,VUZI,28500
3447,WAFU,49000
3448,HLAL,269346
3449,WTRH,29200
3450,WBA,419799
3451,WSG,22200
3452,WMG,293500
3453,WAFD,258900
3454,WASH,316600
3455,WSBF,142000
3456,WTRE,161900
3457,WTREP,252500
3458,WVE,99100
3459,WSTG,241100
3460,WDFC,1970100
3461,WB,337200
3462,WEN,218900
3463,WERN,423100
3464,WSBC,196100
3465,WTBA,167900
3466,WABC,562200
3467,WSTL,7897
3468,WINC,250100
3469,WBND,281000
3470,WDC,424400
3471,WNEB,54500
3472,WPRT,12400
3473,WWR,22900
3474,WEYS,214400
3475,WHLR,19000
3476,WHLRD,122099
3477,WHLRP,71950
3478,WHF,102700
3479,WHFBZ,241900
3480,FREE,79000
3481,FREEW,11100
3482,WHLM,40000
3483,WVVI,60599
3484,WVVIP,49700
3485,WLDN,246900
3486,WLFC,220100
3487,WLTW,1966000
3488,WSC,131500
3489,WIMI,34700
3490,WINT,70000
3491,WING,1415400
3492,WINA,1742000
3493,WINS,346500
3494,WTFC,419799
3495,WTFCM,253500
3496,WTFCP,259500
3497,CXSE,992700
3498,WCLD,403300
3499,EMCB,723550
3500,DGRE,235900
3501,DXGE,286100
3502,HYZD,204000
3503,AGZD,471200
3504,WETF,34300
3505,DXJS,362100
3506,DGRW,457600
3507,DGRS,296638
3508,WKEY,69200
3509,WIX,2728500
3510,WWD,768100
3511,WDAY,1884500
3512,WKHS,209100
3513,WRLD,647700
3514,WRTC,111500
3515,WMGI,297000
3516,WSFS,269400
3517,WVFC,130700
3518,WW,256600
3519,WYNN,773199
3520,XFOR,89700
3521,XBIT,145100
3522,XELB,8658
3523,XEL,641000
3524,XNCR,328200
3525,XBIO,9950
3526,XBIOW,7000
3527,XENE,128100
3528,XERS,27900
3529,XLNX,952900
3530,XOMA,200300
3531,XP,447900
3532,XPEL,151100
3533,XPER,143800
3534,XSPA,40199
3535,XTLB,15923
3536,XNET,36300
3537,YNDX,501200
3538,YTRA,7650
3539,YTEN,61000
3540,YIN,64300
3541,YMAB,419400
3542,YGYI,14100
3543,YGYIP,153100
3544,YRCW,30400
3545,CTIB,26600
3546,ZGYH,98020
3547,ZGYHR,1953
3548,ZGYHU,101000
3549,ZGYHW,1903
3550,YJ,25600
3551,ZAGG,30500
3552,ZLAB,811000
3553,ZEAL,358549
3554,ZBRA,2550400
3555,ZNTL,479700
3556,ZCMD,21600
3557,Z,599600
3558,ZG,593900
3559,ZN,2681
3560,ZION,324099
3561,ZIONL,259200
3562,ZIONN,250700
3563,ZIONO,264805
3564,ZIONP,204847
3565,ZIOP,32400
3566,ZIXI,69500
3567,ZKIN,13799
3568,ZGNX,291900
3569,ZM,2617400
3570,ZI,450500
3571,ZSAN,8214
3572,ZVO,32700
3573,ZS,1102100
3574,ZUMZ,277300
3575,ZYNE,35000
3576,ZYXI,251200
3577,ZNGA,95300
